DPTO,LOCALIDAD,CODLOC,NOMBDEPTO,NOMBLOC
"2","220","2220",ARTIGAS,ARTIGAS
"2","521","2521",ARTIGAS,BELLA UNION
"2","522","2522",ARTIGAS,TOMAS GOMENSORO
"2","621","2621",ARTIGAS,BALTASAR BRUM
"2","721","2721",ARTIGAS,BERNABE RIVERA
"2","724","2724",ARTIGAS,FRANQUIA
"2","725","2725",ARTIGAS,SEQUEIRA
"2","822","2822",ARTIGAS,CORONADO
"2","823","2823",ARTIGAS,CUAREIM
"2","824","2824",ARTIGAS,CUARO
"2","826","2826",ARTIGAS,JAVIER DE VIANA
"2","827","2827",ARTIGAS,LA BOLSA
"2","828","2828",ARTIGAS,LAS PIEDRAS
"2","830","2830",ARTIGAS,PINTADITO
"2","831","2831",ARTIGAS,PORT. DE HIERRO Y CAMPODONICO
"2","833","2833",ARTIGAS,MONES QUINTELA
"2","925","2925",ARTIGAS,CAINSA
"2","927","2927",ARTIGAS,PASO CAMPAMENTO
"2","934","2934",ARTIGAS,DIEGO LAMAS
"2","945","2945",ARTIGAS,PASO FARIAS
"2","952","2952",ARTIGAS,RINCON DE PACHECO
"2","957","2957",ARTIGAS,TOPADOR
"2","958","2958",ARTIGAS,CERRO EJIDO
"2","959","2959",ARTIGAS,COLONIA PALMA
"2","961","2961",ARTIGAS,CERRO SIGNORELLI (EL MIRADOR)
"2","962","2962",ARTIGAS,CERRO SAN EUGENIO
"2","963","2963",ARTIGAS,CALNU
"3","221","3221",CANELONES,LAS PIEDRAS
"3","320","3320",CANELONES,CANELONES
"3","321","3321",CANELONES,LA PAZ
"3","322","3322",CANELONES,PANDO
"3","323","3323",CANELONES,SANTA LUCIA
"3","324","3324",CANELONES,PIEDRAS DE AFILAR
"3","325","3325",CANELONES,CUMBRES DE CARRASCO
"3","326","3326",CANELONES,HARAS DEL LAGO
"3","327","3327",CANELONES,QUINTA LOS HORNEROS
"3","328","3328",CANELONES,LAS HIGUERITAS
"3","329","3329",CANELONES,SOFIA SANTOS
"3","421","3421",CANELONES,PROGRESO
"3","422","3422",CANELONES,SAN RAMON
"3","521","3521",CANELONES,BARROS BLANCOS
"3","523","3523",CANELONES,COLONIA NICOLICH
"3","524","3524",CANELONES,JOAQUIN SUAREZ
"3","525","3525",CANELONES,PASO CARRASCO
"3","526","3526",CANELONES,SANTA ROSA
"3","527","3527",CANELONES,SAUCE
"3","528","3528",CANELONES,TALA
"3","529","3529",CANELONES,VILLA CRESPO Y SAN ANDRES
"3","530","3530",CANELONES,FRACC. CNO. ANDALUZ Y R.84
"3","621","3621",CANELONES,ATLANTIDA
"3","622","3622",CANELONES,ESTACION ATLANTIDA
"3","624","3624",CANELONES,CERRILLOS
"3","625","3625",CANELONES,EMPALME OLMOS
"3","626","3626",CANELONES,MIGUES
"3","627","3627",CANELONES,PARQUE DEL PLATA
"3","628","3628",CANELONES,SAN BAUTISTA
"3","629","3629",CANELONES,SAN JACINTO
"3","630","3630",CANELONES,DR. FRANCISCO SOCA
"3","631","3631",CANELONES,TOLEDO
"3","632","3632",CANELONES,MONTES
"3","633","3633",CANELONES,SAN JOSE DE CARRASCO
"3","634","3634",CANELONES,FRACC. SOBRE RUTA 74
"3","721","3721",CANELONES,AGUAS CORRIENTES
"3","722","3722",CANELONES,BARRA DE CARRASCO
"3","723","3723",CANELONES,JUANICO
"3","724","3724",CANELONES,LA FLORESTA
"3","725","3725",CANELONES,ESTACION LA FLORESTA
"3","726","3726",CANELONES,LAS TOSCAS
"3","727","3727",CANELONES,PARQUE CARRASCO
"3","729","3729",CANELONES,SALINAS
"3","730","3730",CANELONES,SAN ANTONIO
"3","731","3731",CANELONES,AEROPUERTO INTERNACIONAL DE CARRASCO
"3","732","3732",CANELONES,SOLYMAR
"3","733","3733",CANELONES,VILLA AEROPARQUE
"3","823","3823",CANELONES,CASTELLANOS
"3","825","3825",CANELONES,BARRIO COPOLA
"3","826","3826",CANELONES,COSTA AZUL
"3","827","3827",CANELONES,COSTA Y GUILLAMON
"3","828","3828",CANELONES,EL PINAR
"3","829","3829",CANELONES,ESTACION MIGUES
"3","830","3830",CANELONES,PINAMAR - PINEPARK
"3","831","3831",CANELONES,LAGOMAR
"3","832","3832",CANELONES,OLMOS
"3","833","3833",CANELONES,PARADA CABRERA
"3","834","3834",CANELONES,SAN LUIS
"3","835","3835",CANELONES,SHANGRILA
"3","836","3836",CANELONES,TOTORAL DEL SAUCE
"3","837","3837",CANELONES,VILLA FELICIDAD
"3","838","3838",CANELONES,VILLA PAZ S.A.
"3","839","3839",CANELONES,VILLA SAN JOSE
"3","840","3840",CANELONES,ESTACION TAPIA
"3","880","3880",CANELONES,VILLA SAN FELIPE
"3","881","3881",CANELONES,VILLA HADITA
"3","882","3882",CANELONES,PASO DE PACHE
"3","910","3910",CANELONES,CITY GOLF
"3","911","3911",CANELONES,VIEJO MOLINO SAN BERNARDO
"3","912","3912",CANELONES,ESTANQUE DE PANDO
"3","913","3913",CANELONES,JARDINES DE PANDO
"3","914","3914",CANELONES,PASO ESPINOSA
"3","921","3921",CANELONES,ARAMINDA
"3","922","3922",CANELONES,ARGENTINO
"3","925","3925",CANELONES,BELLO HORIZONTE
"3","926","3926",CANELONES,BIARRITZ
"3","927","3927",CANELONES,BOLIVAR
"3","928","3928",CANELONES,CAMPO MILITAR
"3","929","3929",CANELONES,CAPILLA DE CELLA
"3","934","3934",CANELONES,CRUZ DE LOS CAMINOS
"3","935","3935",CANELONES,CUCHILLA ALTA
"3","939","3939",CANELONES,EL BOSQUE
"3","942","3942",CANELONES,ESTACION PEDRERA
"3","943","3943",CANELONES,FORTIN DE SANTA ROSA
"3","944","3944",CANELONES,FRACC. PROGRESO
"3","945","3945",CANELONES,INSTITUTO ADVENTISTA
"3","946","3946",CANELONES,JAUREGUIBERRY
"3","948","3948",CANELONES,LA LUCHA
"3","949","3949",CANELONES,LA MONTAÑESA
"3","953","3953",CANELONES,LOMAS DE SOLYMAR
"3","956","3956",CANELONES,LOS TITANES
"3","957","3957",CANELONES,MARINDIA
"3","959","3959",CANELONES,NEPTUNIA
"3","962","3962",CANELONES,PASO DE LA CADENA
"3","966","3966",CANELONES,PASO PALOMEQUE
"3","968","3968",CANELONES,PIEDRA DEL TORO
"3","969","3969",CANELONES,ESTACION PIEDRAS DE AFILAR
"3","970","3970",CANELONES,EL GALEON
"3","974","3974",CANELONES,SANTA ANA
"3","975","3975",CANELONES,SANTA LUCIA DEL ESTE
"3","978","3978",CANELONES,SEIS HERMANOS
"3","979","3979",CANELONES,VILLA AREJO
"3","980","3980",CANELONES,VILLA ARGENTINA
"3","984","3984",CANELONES,VILLA PORVENIR
"3","985","3985",CANELONES,LA TUNA
"3","986","3986",CANELONES,GUAZU - VIRA
"3","987","3987",CANELONES,COLINAS DE SOLYMAR
"3","988","3988",CANELONES,BARRIO REMANSO
"3","989","3989",CANELONES,VILLA EL TATO
"3","990","3990",CANELONES,VILLA SAN CONO
"3","991","3991",CANELONES,VILLA JUANA
"3","992","3992",CANELONES,COLINAS DE CARRASCO
"3","993","3993",CANELONES,LOMAS DE CARRASCO
"3","994","3994",CANELONES,CARMEL
"3","995","3995",CANELONES,LA ASUNCION
"3","996","3996",CANELONES,QUINTAS DEL BOSQUE
"3","997","3997",CANELONES,ALTOS DE LA TAHONA
"4","220","4220",CERRO LARGO,MELO
"4","521","4521",CERRO LARGO,FRAILE MUERTO
"4","522","4522",CERRO LARGO,RIO BRANCO
"4","621","4621",CERRO LARGO,TUPAMBAE
"4","721","4721",CERRO LARGO,ISIDORO NOBLIA
"4","821","4821",CERRO LARGO,ACEGUA
"4","822","4822",CERRO LARGO,BAÑADO DE MEDINA
"4","823","4823",CERRO LARGO,CENTURION
"4","824","4824",CERRO LARGO,CERRO DE LAS CUENTAS
"4","825","4825",CERRO LARGO,HIPODROMO
"4","827","4827",CERRO LARGO,PLACIDO ROSAS
"4","828","4828",CERRO LARGO,TOLEDO
"4","829","4829",CERRO LARGO,TRES ISLAS
"4","830","4830",CERRO LARGO,POBLADO URUGUAY
"4","923","4923",CERRO LARGO,ARBOLITO
"4","924","4924",CERRO LARGO,AREVALO
"4","930","4930",CERRO LARGO,CASERIO LAS CAÑAS
"4","940","4940",CERRO LARGO,ESPERANZA
"4","943","4943",CERRO LARGO,GETULIO VARGAS
"4","948","4948",CERRO LARGO,LA PEDRERA
"4","949","4949",CERRO LARGO,LAGO MERIN
"4","952","4952",CERRO LARGO,MANGRULLO
"4","956","4956",CERRO LARGO,NANDO
"4","966","4966",CERRO LARGO,QUEBRACHO
"4","968","4968",CERRO LARGO,RAMON TRIGO
"4","981","4981",CERRO LARGO,SOTO GORO
"4","983","4983",CERRO LARGO,BARRIO LOPEZ BENITEZ
"4","987","4987",CERRO LARGO,BARRIO LA VINCHUCA
"4","988","4988",CERRO LARGO,ARACHANIA
"4","989","4989",CERRO LARGO,ÑANGAPIRE
"5","320","5320",COLONIA,COLONIA DEL SACRAMENTO
"5","321","5321",COLONIA,CARMELO
"5","323","5323",COLONIA,JUAN LACAZE
"5","421","5421",COLONIA,NUEVA HELVECIA
"5","422","5422",COLONIA,ROSARIO
"5","423","5423",COLONIA,NUEVA PALMIRA
"5","452","5452",COLONIA,PASO ANTOLIN
"5","521","5521",COLONIA,OMBUES DE LAVALLE
"5","522","5522",COLONIA,TARARIRAS
"5","621","5621",COLONIA,COLONIA VALDENSE
"5","622","5622",COLONIA,FLORENCIO SANCHEZ
"5","721","5721",COLONIA,CONCHILLAS
"5","722","5722",COLONIA,CASERIO EL CERRO
"5","724","5724",COLONIA,LA PAZ
"5","726","5726",COLONIA,RIACHUELO
"5","727","5727",COLONIA,JUAN CARLOS CASEROS
"5","798","5798",COLONIA,AGRACIADA
"5","821","5821",COLONIA,BOCA DEL ROSARIO
"5","824","5824",COLONIA,CUFRE
"5","826","5826",COLONIA,EL SEMILLERO
"5","827","5827",COLONIA,ESTACION ESTANZUELA
"5","829","5829",COLONIA,CERROS DE SAN JUAN
"5","831","5831",COLONIA,MIGUELETE
"5","923","5923",COLONIA,CAMPANA
"5","924","5924",COLONIA,ARTILLEROS
"5","925","5925",COLONIA,BARKER
"5","927","5927",COLONIA,EL ENSUEÑO
"5","931","5931",COLONIA,BLANCA ARENA
"5","932","5932",COLONIA,BRISAS DEL PLATA
"5","938","5938",COLONIA,COLONIA COSMOPOLITA
"5","940","5940",COLONIA,PARAJE MINUANO
"5","951","5951",COLONIA,LOS PINOS
"5","955","5955",COLONIA,CHICO TORINO
"5","956","5956",COLONIA,LA HORQUETA
"5","959","5959",COLONIA,PLAYA AZUL
"5","960","5960",COLONIA,PLAYA BRITOPOLIS
"5","961","5961",COLONIA,PLAYA PARANT
"5","962","5962",COLONIA,PLAYA FOMENTO
"5","964","5964",COLONIA,PUERTO INGLES
"5","969","5969",COLONIA,RADIAL HERNANDEZ
"5","977","5977",COLONIA,SAN PEDRO
"5","979","5979",COLONIA,SANTA ANA
"5","980","5980",COLONIA,SANTA REGINA
"5","987","5987",COLONIA,ZAGARZAZU
"5","989","5989",COLONIA,ARRIVILLAGA
"5","993","5993",COLONIA,EL FARO
"5","994","5994",COLONIA,LAGUNA DE LOS PATOS
"5","996","5996",COLONIA,JUAN JACKSON
"5","997","5997",COLONIA,PUEBLO GIL
"5","998","5998",COLONIA,CERRO CARMELO
"5","999","5999",COLONIA,EL QUINTON
"6","220","6220",DURAZNO,DURAZNO
"6","421","6421",DURAZNO,SARANDI DEL YI
"6","521","6521",DURAZNO,CARMEN
"6","621","6621",DURAZNO,BLANQUILLO
"6","622","6622",DURAZNO,LA PALOMA
"6","721","6721",DURAZNO,CARLOS REYLES
"6","722","6722",DURAZNO,CENTENARIO
"6","724","6724",DURAZNO,SANTA BERNARDINA
"6","790","6790",DURAZNO,CERRO CHATO
"6","821","6821",DURAZNO,BAYGORRIA
"6","922","6922",DURAZNO,AGUAS BUENAS
"6","924","6924",DURAZNO,PUEBLO DE ALVAREZ
"6","940","6940",DURAZNO,FELICIANO
"6","951","6951",DURAZNO,OMBUES DE ORIBE
"6","960","6960",DURAZNO,ROSSELL Y RIUS
"6","964","6964",DURAZNO,SAN JORGE
"6","972","6972",DURAZNO,LAS PALMAS
"7","320","7320",FLORES,TRINIDAD
"7","721","7721",FLORES,ISMAEL CORTINAS
"7","921","7921",FLORES,ANDRESITO
"7","925","7925",FLORES,JUAN JOSE CASTRO
"7","937","7937",FLORES,LA CASILLA
"7","938","7938",FLORES,CERRO COLORADO
"8","220","8220",FLORIDA,FLORIDA
"8","421","8421",FLORIDA,SARANDI GRANDE
"8","521","8521",FLORIDA,CASUPA
"8","621","8621",FLORIDA,CARDAL
"8","622","8622",FLORIDA,FRAY MARCOS
"8","623","8623",FLORIDA,25 DE AGOSTO
"8","624","8624",FLORIDA,25 DE MAYO
"8","721","8721",FLORIDA,ALEJANDRO GALLINAL
"8","722","8722",FLORIDA,CAPILLA DEL SAUCE
"8","723","8723",FLORIDA,LA CRUZ
"8","724","8724",FLORIDA,NICO PEREZ
"8","790","8790",FLORIDA,CERRO CHATO
"8","821","8821",FLORIDA,CHAMIZO
"8","822","8822",FLORIDA,GOÑI
"8","823","8823",FLORIDA,MENDOZA
"8","824","8824",FLORIDA,MENDOZA CHICO
"8","825","8825",FLORIDA,REBOLEDO
"8","896","8896",FLORIDA,VALENTINES
"8","923","8923",FLORIDA,BERRONDO
"8","930","8930",FLORIDA,PUEBLO FERRER
"8","933","8933",FLORIDA,INDEPENDENCIA
"8","938","8938",FLORIDA,MONTECORAL
"8","940","8940",FLORIDA,PINTADO
"8","941","8941",FLORIDA,POLANCO DEL YI
"8","944","8944",FLORIDA,PUNTAS DE MACIEL
"8","991","8991",FLORIDA,ILLESCAS
"8","992","8992",FLORIDA,CASERIO LA FUNDACION
"8","993","8993",FLORIDA,LA MACANA
"8","994","8994",FLORIDA,ESTACION CAPILLA DEL SAUCE
"8","995","8995",FLORIDA,SAN GABRIEL
"9","220","9220",LAVALLEJA,MINAS
"9","521","9521",LAVALLEJA,JOSE BATLLE Y ORDOÑEZ
"9","522","9522",LAVALLEJA,JOSE PEDRO VARELA
"9","621","9621",LAVALLEJA,MARISCALA
"9","622","9622",LAVALLEJA,SOLIS DE MATAOJO
"9","721","9721",LAVALLEJA,PIRARAJA
"9","722","9722",LAVALLEJA,ZAPICAN
"9","821","9821",LAVALLEJA,COLON
"9","823","9823",LAVALLEJA,ARAMENDIA
"9","924","9924",LAVALLEJA,BLANES VIALE
"9","928","9928",LAVALLEJA,19 DE JUNIO
"9","931","9931",LAVALLEJA,ESTACION SOLIS
"9","932","9932",LAVALLEJA,GAETAN
"9","942","9942",LAVALLEJA,POLANCO NORTE
"9","955","9955",LAVALLEJA,VILLA DEL ROSARIO
"9","956","9956",LAVALLEJA,VILLA SERRANA
"9","957","9957",LAVALLEJA,BARRIO LA CORONILLA - ANCAP
"9","958","9958",LAVALLEJA,SAN FRANCISCO DE LAS SIERRAS
"9","991","9991",LAVALLEJA,ILLESCAS
"10","320","10320",MALDONADO,MALDONADO
"10","321","10321",MALDONADO,SAN CARLOS
"10","521","10521",MALDONADO,AIGUA
"10","522","10522",MALDONADO,PAN DE AZUCAR
"10","523","10523",MALDONADO,PIRIAPOLIS
"10","524","10524",MALDONADO,PUNTA DEL ESTE
"10","821","10821",MALDONADO,CERRO PELADO
"10","822","10822",MALDONADO,GARZON
"10","823","10823",MALDONADO,GERONA
"10","825","10825",MALDONADO,LAS FLORES - ESTACION
"10","826","10826",MALDONADO,LOS TALAS
"10","827","10827",MALDONADO,NUEVA CARRARA
"10","828","10828",MALDONADO,SOLIS
"10","829","10829",MALDONADO,PUEBLO SOLIS
"10","830","10830",MALDONADO,PINARES - LAS DELICIAS
"10","831","10831",MALDONADO,CHIHUAHUA
"10","832","10832",MALDONADO,VILLA DELIA
"10","833","10833",MALDONADO,SAN RAFAEL - EL PLACER
"10","924","10924",MALDONADO,BARRIO HIPODROMO
"10","925","10925",MALDONADO,LOS AROMOS
"10","926","10926",MALDONADO,BELLA VISTA
"10","929","10929",MALDONADO,CANTERAS DE MARELLI
"10","931","10931",MALDONADO,CERROS AZULES
"10","934","10934",MALDONADO,EL CHORRO
"10","935","10935",MALDONADO,EL EDEN
"10","936","10936",MALDONADO,EL TESORO
"10","939","10939",MALDONADO,FARO JOSE IGNACIO
"10","940","10940",MALDONADO,GREGORIO AZNAREZ
"10","942","10942",MALDONADO,LA BARRA
"10","944","10944",MALDONADO,LA CAPUERA
"10","945","10945",MALDONADO,LAS FLORES
"10","947","10947",MALDONADO,MANANTIALES
"10","948","10948",MALDONADO,OCEAN PARK
"10","953","10953",MALDONADO,PLAYA GRANDE
"10","954","10954",MALDONADO,PLAYA HERMOSA
"10","955","10955",MALDONADO,PLAYA VERDE
"10","956","10956",MALDONADO,PUNTA BALLENA
"10","958","10958",MALDONADO,PUNTA COLORADA
"10","959","10959",MALDONADO,PUNTA NEGRA
"10","962","10962",MALDONADO,RUTA 37 Y 9
"10","969","10969",MALDONADO,SAUCE DE PORTEZUELO
"10","972","10972",MALDONADO,SAN VICENTE
"10","973","10973",MALDONADO,BALNEARIO BUENOS AIRES
"10","980","10980",MALDONADO,LAS CUMBRES
"10","981","10981",MALDONADO,LOS CORCHOS
"10","982","10982",MALDONADO,SANTA MONICA
"10","983","10983",MALDONADO,EDEN ROCK
"10","984","10984",MALDONADO,PARQUE MEDINA
"10","985","10985",MALDONADO,ARENAS DE JOSE IGNACIO
"10","986","10986",MALDONADO,LA SONRISA
"10","987","10987",MALDONADO,EL QUIJOTE
"10","988","10988",MALDONADO,LAGUNA BLANCA
"11","120","11120",PAYSANDU,PAYSANDU
"11","521","11521",PAYSANDU,GUICHON
"11","522","11522",PAYSANDU,NUEVO PAYSANDU
"11","621","11621",PAYSANDU,QUEBRACHO
"11","695","11695",PAYSANDU,TAMBORES
"11","721","11721",PAYSANDU,LORENZO GEYRES
"11","722","11722",PAYSANDU,MERINOS
"11","723","11723",PAYSANDU,PORVENIR
"11","821","11821",PAYSANDU,ARBOLITO
"11","822","11822",PAYSANDU,BEISSO
"11","823","11823",PAYSANDU,CASABLANCA
"11","824","11824",PAYSANDU,CERRO CHATO
"11","825","11825",PAYSANDU,CONSTANCIA
"11","826","11826",PAYSANDU,MORATO
"11","827","11827",PAYSANDU,PIEDRAS COLORADAS
"11","828","11828",PAYSANDU,PIÑERA
"11","830","11830",PAYSANDU,SAN FELIX
"11","831","11831",PAYSANDU,VILLA MARIA (TIATUCURA)
"11","894","11894",PAYSANDU,PIEDRA SOLA
"11","922","11922",PAYSANDU,ARAUJO
"11","924","11924",PAYSANDU,BELLA VISTA
"11","925","11925",PAYSANDU,CAÑADA DEL PUEBLO
"11","926","11926",PAYSANDU,CHAPICUY
"11","929","11929",PAYSANDU,EL EUCALIPTUS
"11","931","11931",PAYSANDU,ESPERANZA
"11","932","11932",PAYSANDU,PUEBLO FEDERACION
"11","935","11935",PAYSANDU,LA TENTACION
"11","937","11937",PAYSANDU,ORGOROSO
"11","945","11945",PAYSANDU,CUCHILLA DE BURICAYUPI
"11","947","11947",PAYSANDU,SOTO
"11","950","11950",PAYSANDU,ZEBALLOS
"11","951","11951",PAYSANDU,CHACRAS DE PAYSANDU
"11","953","11953",PAYSANDU,GALLINAL
"11","954","11954",PAYSANDU,PUNTAS DE ARROYO NEGRO
"11","955","11955",PAYSANDU,ESTACION PORVENIR
"11","956","11956",PAYSANDU,CUCHILLA DE FUEGO
"11","957","11957",PAYSANDU,PUEBLO ALONZO
"11","958","11958",PAYSANDU,QUEGUAYAR
"11","959","11959",PAYSANDU,TERMAS DE GUAVIYU
"11","960","11960",PAYSANDU,TERMAS DE ALMIRON
"12","320","12320",RIO NEGRO,FRAY BENTOS
"12","421","12421",RIO NEGRO,YOUNG
"12","621","12621",RIO NEGRO,NUEVO BERLIN
"12","622","12622",RIO NEGRO,SAN JAVIER
"12","722","12722",RIO NEGRO,BARRIO ANGLO
"12","723","12723",RIO NEGRO,GRECCO
"12","792","12792",RIO NEGRO,MERINOS
"12","797","12797",RIO NEGRO,ALGORTA
"12","821","12821",RIO NEGRO,EL OMBU
"12","823","12823",RIO NEGRO,PASO DE LOS MELLIZOS
"12","824","12824",RIO NEGRO,SARANDI DE NAVARRO
"12","826","12826",RIO NEGRO,VILLA GENERAL BORGES
"12","827","12827",RIO NEGRO,VILLA MARIA
"12","828","12828",RIO NEGRO,LAS CAÑAS
"12","923","12923",RIO NEGRO,BELLACO
"12","930","12930",RIO NEGRO,LOS ARRAYANES
"12","932","12932",RIO NEGRO,MENAFRA
"12","945","12945",RIO NEGRO,TRES QUINTAS
"13","220","13220",RIVERA,RIVERA
"13","521","13521",RIVERA,MINAS DE CORRALES
"13","522","13522",RIVERA,TRANQUERAS
"13","621","13621",RIVERA,VICHADERO
"13","721","13721",RIVERA,SANTA TERESA
"13","822","13822",RIVERA,ARROYO BLANCO
"13","823","13823",RIVERA,PASO ATAQUES
"13","824","13824",RIVERA,CERRO PELADO
"13","830","13830",RIVERA,PASO HOSPITAL
"13","831","13831",RIVERA,LAPUENTE
"13","832","13832",RIVERA,LAS FLORES
"13","833","13833",RIVERA,MOIRONES
"13","836","13836",RIVERA,LA PEDRERA
"13","837","13837",RIVERA,MANDUBI
"13","838","13838",RIVERA,LAGUNON
"13","922","13922",RIVERA,AMARILLO
"13","929","13929",RIVERA,CERRILLADA
"13","931","13931",RIVERA,CERROS DE LA CALERA
"13","940","13940",RIVERA,LAGOS DEL NORTE
"13","943","13943",RIVERA,MASOLLER
"14","320","14320",ROCHA,ROCHA
"14","421","14421",ROCHA,CASTILLOS
"14","422","14422",ROCHA,LASCANO
"14","521","14521",ROCHA,CHUY
"14","621","14621",ROCHA,CEBOLLATI
"14","622","14622",ROCHA,VELAZQUEZ
"14","721","14721",ROCHA,18 DE JULIO
"14","722","14722",ROCHA,LA PALOMA
"14","723","14723",ROCHA,SAN LUIS AL MEDIO
"14","821","14821",ROCHA,LA AGUADA Y COSTA AZUL
"14","822","14822",ROCHA,19 DE ABRIL
"14","823","14823",ROCHA,LA CORONILLA
"14","826","14826",ROCHA,BARRIO PEREIRA
"14","921","14921",ROCHA,AGUAS DULCES
"14","923","14923",ROCHA,BARRA DEL CHUY
"14","926","14926",ROCHA,BARRIO TORRES
"14","928","14928",ROCHA,CABO POLONIO
"14","929","14929",ROCHA,CAPACHO
"14","940","14940",ROCHA,BARRA DE VALIZAS
"14","941","14941",ROCHA,LA ESMERALDA
"14","942","14942",ROCHA,LA PEDRERA
"14","948","14948",ROCHA,PARALLE
"14","953","14953",ROCHA,PUERTO DE LOS BOTES
"14","957","14957",ROCHA,PUIMAYEN
"14","959","14959",ROCHA,ARACHANIA
"14","960","14960",ROCHA,PTA. RUBIA Y STA. ISABEL DE LA PEDRERA
"14","962","14962",ROCHA,PUNTA DEL DIABLO
"14","963","14963",ROCHA,PALMARES DE LA CORONILLA
"14","964","14964",ROCHA,LA RIBIERA
"14","965","14965",ROCHA,PUENTE VALIZAS
"14","966","14966",ROCHA,OCEANIA DEL POLONIO
"14","967","14967",ROCHA,PUEBLO NUEVO
"14","968","14968",ROCHA,TAJAMARES DE LA PEDRERA
"14","969","14969",ROCHA,SAN ANTONIO
"15","120","15120",SALTO,SALTO
"15","522","15522",SALTO,BELEN
"15","523","15523",SALTO,CONSTITUCION
"15","721","15721",SALTO,FERNANDEZ
"15","722","15722",SALTO,SAN ANTONIO
"15","723","15723",SALTO,CHACRAS DE BELEN
"15","821","15821",SALTO,ALBISU
"15","822","15822",SALTO,BIASSINI
"15","823","15823",SALTO,CAMPO DE TODOS
"15","824","15824",SALTO,CAYETANO
"15","825","15825",SALTO,CUCHILLA DE GUAVIYU
"15","827","15827",SALTO,TERMAS DEL DAYMAN
"15","828","15828",SALTO,PALOMAS
"15","829","15829",SALTO,PASO DEL PARQUE DEL DAYMAN
"15","830","15830",SALTO,QUINTANA
"15","831","15831",SALTO,SARANDI DE ARAPEY
"15","832","15832",SALTO,SAUCEDO
"15","924","15924",SALTO,ARENITAS BLANCAS
"15","931","15931",SALTO,CELESTE
"15","935","15935",SALTO,CERROS DE VERA
"15","939","15939",SALTO,GARIBALDI
"15","943","15943",SALTO,TERMAS DEL ARAPEY
"15","944","15944",SALTO,LAS FLORES
"15","945","15945",SALTO,LAURELES
"15","946","15946",SALTO,LLUVERAS
"15","949","15949",SALTO,MIGLIARO
"15","950","15950",SALTO,OLIVERA
"15","957","15957",SALTO,PASO DE LAS PIEDRAS DE ARERUNGUA
"15","959","15959",SALTO,PUNTAS DE VALENTIN
"15","965","15965",SALTO,RINCON DE VALENTIN
"15","966","15966",SALTO,COLONIA 18 DE JULIO
"15","969","15969",SALTO,PARQUE JOSE LUIS
"15","970","15970",SALTO,COLONIA ITAPEBI
"15","971","15971",SALTO,GUAVIYU DE ARAPEY
"15","972","15972",SALTO,RUSSO
"15","973","15973",SALTO,PASO CEMENTERIO
"15","974","15974",SALTO,OSIMANI Y LLERENA
"16","220","16220",SAN JOSE,SAN JOSE DE MAYO
"16","421","16421",SAN JOSE,LIBERTAD
"16","521","16521",SAN JOSE,DELTA DEL TIGRE Y VILLAS
"16","621","16621",SAN JOSE,RODRIGUEZ
"16","721","16721",SAN JOSE,ITUZAINGO
"16","722","16722",SAN JOSE,SANTA MONICA
"16","821","16821",SAN JOSE,PUNTAS DE VALDEZ
"16","822","16822",SAN JOSE,GONZALEZ
"16","823","16823",SAN JOSE,MAL ABRIGO
"16","824","16824",SAN JOSE,PLAYA PASCUAL
"16","825","16825",SAN JOSE,18 DE JULIO (PUEBLO NUEVO)
"16","826","16826",SAN JOSE,RAFAEL PERAZA
"16","827","16827",SAN JOSE,RAIGON
"16","829","16829",SAN JOSE,SAFICI (PARQUE POSTEL)
"16","923","16923",SAN JOSE,JUAN SOLER
"16","924","16924",SAN JOSE,BOCA DEL CUFRE
"16","925","16925",SAN JOSE,CAPURRO
"16","926","16926",SAN JOSE,VILLA MARIA
"16","929","16929",SAN JOSE,ECILDA PAULLIER
"16","932","16932",SAN JOSE,KIYU-ORDEIG
"16","933","16933",SAN JOSE,LA BOYADA
"16","939","16939",SAN JOSE,CAÑADA GRANDE
"16","945","16945",SAN JOSE,RINCON DEL PINO
"16","946","16946",SAN JOSE,SAN GREGORIO
"16","947","16947",SAN JOSE,SCAVINO
"16","950","16950",SAN JOSE,MONTE GRANDE
"16","960","16960",SAN JOSE,CERAMICAS DEL SUR
"16","961","16961",SAN JOSE,RADIAL
"16","962","16962",SAN JOSE,COLOLO TINOSA
"16","963","16963",SAN JOSE,MANGRULLO
"16","964","16964",SAN JOSE,CARRETA QUEMADA
"16","965","16965",SAN JOSE,COSTAS DE PEREIRA
"16","966","16966",SAN JOSE,COLONIA DELTA
"17","220","17220",SORIANO,MERCEDES
"17","321","17321",SORIANO,DOLORES
"17","521","17521",SORIANO,CARDONA
"17","621","17621",SORIANO,JOSE ENRIQUE RODO
"17","622","17622",SORIANO,PALMITAS
"17","623","17623",SORIANO,VILLA SORIANO
"17","624","17624",SORIANO,PALMAR
"17","721","17721",SORIANO,EGAÑA
"17","722","17722",SORIANO,SANTA CATALINA
"17","798","17798",SORIANO,AGRACIADA
"17","822","17822",SORIANO,CASTILLOS
"17","823","17823",SORIANO,RISSO
"17","824","17824",SORIANO,SACACHISPAS
"17","825","17825",SORIANO,CAÑADA NIETO
"17","927","17927",SORIANO,CUCHILLA DEL PERDIDO
"17","928","17928",SORIANO,EL TALA
"17","930","17930",SORIANO,LA CONCORDIA
"17","931","17931",SORIANO,LA LOMA
"17","939","17939",SORIANO,PALO SOLO
"17","950","17950",SORIANO,CHACRAS DE DOLORES
"17","951","17951",SORIANO,COLONIA CONCORDIA
"17","952","17952",SORIANO,PERSEVERANO
"17","993","17993",SORIANO,LARES
"18","220","18220",TACUAREMBO,TACUAREMBO
"18","321","18321",TACUAREMBO,PASO DE LOS TOROS
"18","521","18521",TACUAREMBO,SAN GREGORIO DE POLANCO
"18","695","18695",TACUAREMBO,TAMBORES
"18","721","18721",TACUAREMBO,ACHAR
"18","722","18722",TACUAREMBO,ANSINA
"18","723","18723",TACUAREMBO,CURTINA
"18","724","18724",TACUAREMBO,PASO DEL CERRO
"18","822","18822",TACUAREMBO,CLARA
"18","825","18825",TACUAREMBO,CUCHILLA DEL OMBU
"18","827","18827",TACUAREMBO,LA HILERA
"18","828","18828",TACUAREMBO,LAS TOSCAS
"18","829","18829",TACUAREMBO,PASO BONILLA
"18","830","18830",TACUAREMBO,PUEBLO DE ARRIBA
"18","831","18831",TACUAREMBO,PUEBLO DEL BARRO
"18","833","18833",TACUAREMBO,RINCON DEL BONETE
"18","834","18834",TACUAREMBO,BALNEARIO IPORA
"18","894","18894",TACUAREMBO,PIEDRA SOLA
"18","925","18925",TACUAREMBO,CARDOZO
"18","928","18928",TACUAREMBO,CHAMBERLAIN
"18","931","18931",TACUAREMBO,CUCHILLA DE PERALTA
"18","937","18937",TACUAREMBO,LA PEDRERA
"18","952","18952",TACUAREMBO,LAURELES
"18","963","18963",TACUAREMBO,MONTEVIDEO CHICO
"18","971","18971",TACUAREMBO,CERRO DE PASTOREO
"18","980","18980",TACUAREMBO,SAUCE DE BATOVI
"18","990","18990",TACUAREMBO,PUNTAS DE CINCO SAUCES
"18","991","18991",TACUAREMBO,RINCON DE PEREIRA
"18","992","18992",TACUAREMBO,PUNTA DE CARRETERA
"18","993","18993",TACUAREMBO,CRUZ DE LOS CAMINOS
"19","220","19220",TREINTA Y TRES,TREINTA Y TRES
"19","521","19521",TREINTA Y TRES,SANTA CLARA DE OLIMAR
"19","522","19522",TREINTA Y TRES,VERGARA
"19","721","19721",TREINTA Y TRES,ARROZAL TREINTA Y TRES
"19","722","19722",TREINTA Y TRES,GRAL. ENRIQUE MARTINEZ
"19","723","19723",TREINTA Y TRES,VILLA SARA
"19","790","19790",TREINTA Y TRES,CERRO CHATO
"19","821","19821",TREINTA Y TRES,ESTACION RINCON
"19","822","19822",TREINTA Y TRES,ISLA PATRULLA (MARIA ISABEL)
"19","896","19896",TREINTA Y TRES,VALENTINES
"19","922","19922",TREINTA Y TRES,POBLADO ALONZO
"19","924","19924",TREINTA Y TRES,ARROCERA RINCON
"19","940","19940",TREINTA Y TRES,ARROCERA LOS CEIBOS
"19","941","19941",TREINTA Y TRES,MARIA ALBINA
"19","942","19942",TREINTA Y TRES,MENDIZABAL (EL ORO)
"19","947","19947",TREINTA Y TRES,PUNTAS DEL PARAO
"19","955","19955",TREINTA Y TRES,VILLA PASSANO
"19","956","19956",TREINTA Y TRES,EJIDO DE TREINTA Y TRES
"19","960","19960",TREINTA Y TRES,EL BELLACO
"19","961","19961",TREINTA Y TRES,ARROCERA LOS TEROS
"19","962","19962",TREINTA Y TRES,ARROCERA BONOMO
"19","963","19963",TREINTA Y TRES,ARROCERA EL TIGRE
"19","964","19964",TREINTA Y TRES,ARROCERA LA CATUMBERA
"19","965","19965",TREINTA Y TRES,ARROCERA LA QUERENCIA
"19","966","19966",TREINTA Y TRES,ARROCERA LAS PALMAS
"19","967","19967",TREINTA Y TRES,ARROCERA MINI
"19","968","19968",TREINTA Y TRES,ARROCERA PROCIPA
"19","969","19969",TREINTA Y TRES,ARROCERA SAN FERNANDO
"19","970","19970",TREINTA Y TRES,ARROCERA SANTA FE
"19","971","19971",TREINTA Y TRES,ARROCERA ZAPATA
"1","20","1020",MONTEVIDEO,MONTEVIDEO
